<?xml version="1.0" encoding="UTF-8"?>
<!DOCTYPE mapper PUBLIC "-//mybatis.org//DTDMapper3.0//EN" "http://mybatis.org/dtd/mybatis-3-mapper.dtd">
<mapper namespace="bit.camp.com.model.dao.CustomerDao">

	<!-- 회원가입 -->
	<!-- INSERT INTO 테이블명 [컬럼1, 컬럼2, ...] VALUES (값1, 값2, ...); -->
	<insert id="signUp" parameterType="customer">
		insert into hotel.customer (customerId, customerPw, customerName,
		customerPhoneNumber, SSNumber)
		values ( #{customerId}, #{customerPw},
		#{customerName},
		#{customerPhoneNumber}, #{SSNumber} )
		<!-- id,pw,name,phoneNum,SSNum -->
	</insert>

	<!-- 아이디 중복체크 -->
	<select id="checkId" parameterType="customer"></select>


	<!-- 주민등록번호 중복체크 -->
	<!-- <select id="checkId" parameterType="customer"></select> -->

	<!-- 아이디 찾기 -->
	<select id="searchId" resultType="String"
		parameterType="customer">
		select customerId from hotel.customer where
		customerName= #{customerName}
		and SSNumber= #{SSNumber}
	</select>

	<!-- 비밀번호 찾기 -->
	<select id="searchPw" resultType="String"
		parameterType="customer">
		select customerPw from hotel.customer where customerId=
		#{customerId} and
		customerName= #{customerName} and SSNumber=
		#{SSNumber}
	</select>

	<!-- 회원 목록 조회 -->
	<select id="selectAllCustomer">
		select * from hotel.customer;
	</select>

	<!-- 회원탈퇴 -->
	<!-- DELETE table_name WHERE id = 1105; -->
	<delete id="deleteCustomer" parameterType="customer">
		delete customer where
		hotel.customerId= #{customerId} and customerPw =
		#{customerPw}
	</delete>


	<!-- ///////////////////////////////////////////////////////////////////////// -->
	<!-- 회원 Mypage -->
	<select id="CustomerMypage" resultType="customer">
		select customerID, customerPW, customerName,
		SSNumber, customerPhoneNumber
		from hotel.customer
		where customerId = #{customerId}
	</select>


	<!-- 회원정보수정 -->
	<update id="CustomerModify">
		update customer set
		customerPW = #{customerPw},
		customerPhoneNumber = #{customerPhoneNumber}
		where customerId = #{customerId}

	</update>

</mapper>
