<?xml version="1.0" encoding="UTF-8"?>
<!DOCTYPE mapper PUBLIC "-//mybatis.org//DTDMapper3.0//EN" "http://mybatis.org/dtd/mybatis-3-mapper.dtd">
<mapper namespace="bit.camp.com.model.dao.ReservationDAO">
	<resultMap type="bit.camp.com.model.VO.room.ReservationDTO" id="reservation">
		<result property="reservationCount" column="reservationCount" javaType="int"/>
		<result property="reservationStartDate" column="reservationStartDate" javaType="java.sql.Date" jdbcType="DATE"/>
		<result property="reservationFinishDate" column="reservationFinishDate" javaType="java.sql.Date" jdbcType="DATE"/>
		<result property="totalAmount" column="totalAmount" javaType="int"/>
		<result property="checkValue" column="checkValue" javaType="boolean"/>
		<result property="roomCount" column="roomCount" javaType="int"/>
		<result property="customerCount" column="customerCount" javaType="int"/>
		<result property="roomTypeCount" column="roomTypeCount" javaType="int"/>
		<result property="editRoute" column="editRoute" javaType="int"/>
		<result property="editCode" column="editCode" javaType="int"/>
		<result property="roomPerson" column="roomPerson" javaType="int"/>
	</resultMap>
	
	<select id="getReservationsStandart" resultType="int">
		SELECT count(*) FROM hottel.reservation where reservationFinishDate>=#{reservationStartDate} and #{reservationFinishDate}>=reservationStartDate and roomPerson=2;
	</select>
	
	<select id="getReservationsDouble" resultType="int">
		SELECT count(*) FROM hottel.reservation where reservationFinishDate>=#{reservationStartDate} and #{reservationFinishDate}>=reservationStartDate and roomPerson=3;
	</select>
	
	<select id="getReservationsPremium" resultType="int">
		SELECT count(*) FROM hottel.reservation where reservationFinishDate>=#{reservationStartDate} and #{reservationFinishDate}>=reservationStartDate and roomPerson=4;
	</select>
	
	<select id="getReservationsFamily" resultType="int">
		SELECT count(*) FROM hottel.reservation where reservationFinishDate>=#{reservationStartDate} and #{reservationFinishDate}>=reservationStartDate and roomPerson=6;
	</select>
	
	<select id="getReservationsSuite" resultType="int">
		SELECT count(*) FROM hottel.reservation where reservationFinishDate>=#{reservationStartDate} and #{reservationFinishDate}>=reservationStartDate and roomPerson=10;
	</select>
	
</mapper>